hour,time,pct,minutes
0,00:00,0%,0
1,00:00,0%,0
2,00:00,0%,0
3,00:00,0%,0
4,00:00,0%,0
5,00:00,0%,0
6,00:00,0%,0
7,00:00,0%,0
8,00:00,0%,0
<<<<<<<< HEAD:hourly_focus.csv.save
9,00:00,0%,0
10,00:00,0%,0
11,00:00,0%,0
12,00:00,0%,0
13,00:00,0%,0
14,00:00,0%,0
15,00:00,0%,0
16,00:00,0%,0
17,00:00,0%,0
18,00:00,0%,0
========
9,00:09,0%,9
10,00:41,0%,41
11,00:33,0%,33
12,00:49,0%,49
13,00:46,0%,46
14,00:26,0%,26
15,00:18,0%,18
16,00:00,0%,0
17,00:23,0%,23
18,00:35,0%,35
>>>>>>>> copilot/continue-task-list-work:reports/2025-12-07/hourly_focus-2025-12-07.csv
19,00:00,0%,0
20,00:00,0%,0
21,00:00,0%,0
22,00:00,0%,0
<<<<<<<< HEAD:hourly_focus.csv.save
23,00:00,0%,09,00:00,0%,0
nano hourly_focus.csv

nano hourly_focus.csv

========
23,00:00,0%,0
>>>>>>>> copilot/continue-task-list-work:reports/2025-12-07/hourly_focus-2025-12-07.csv
